pattern_id,name,category,decision_criteria,signals,intent,variants,decision_questions,web_queries,verification_gate,dependencies,conflicts,skill_level_notes,related_fragments,core_pattern_ref,domain_ref,shortcode
tenant-isolation,Tenant Isolation,security,"Use when implementing prevent cross-tenant data access with signals: shared data,multi-tenant,customer separation","shared data,multi-tenant,customer separation",Prevent cross-tenant data access,row-level-security;schema-per-tenant;database-per-tenant,What compliance requirements apply?;How many tenants expected?;What isolation level required?,multi-tenant isolation patterns {date};PostgreSQL RLS best practices {date},QG-M2,database;security,,Basic: RLS with tenant_id column;Advanced: Schema isolation with connection pooling,rls-best-practices;multi-tenant-patterns;testing-tenant-isolation,tenant-isolation.md,tenant.md,ZTI
agent-runtime,Agent Runtime,ai,Use for AI/agent workloads requiring design agent execution framework,"LLM agents,orchestration,multi-step",Design agent execution framework,langgraph;crewai;autogen;custom,What orchestration complexity needed?;Human-in-the-loop required?;State persistence needs?,LangGraph agent patterns {date};agent orchestration best practices {date},QG-M3,tenant-isolation,,Basic: Single agent with tools;Advanced: Hierarchical multi-agent,agent-runtime-patterns;run-contracts;memory-tiers,langgraph.md;agent-orchestration.md,ai-runtime.md,ZAR
module-boundaries,Module Boundaries,architecture,Use when: define module separation,"modular monolith,bounded context,DDD",Define module separation,vertical-slice;feature-module;domain-module,What bounded contexts exist?;What are module dependencies?;Cross-module communication patterns?,modular monolith patterns {date};bounded context design {date},QG-M1,api-design;domain-modeling,,Basic: Feature folders;Advanced: Event-driven boundaries,modular-monolith-patterns;ddd-module-patterns;module-facade-patterns
memory-tiers,Memory Tiers,ai,Use for AI/agent workloads requiring hierarchical memory for agents,"agent memory,context,persistence",Hierarchical memory for agents,working;episodic;semantic;procedural;collective,What memory persistence needed?;Cross-session requirements?;Tenant isolation for memory?,AI agent memory architecture {date};LangGraph memory patterns {date},QG-M3,ai-runtime,,Basic: Working memory only;Advanced: Full 5-tier hierarchy,memory-tiers;context-compiler-patterns
tool-execution,Tool Execution,ai,Use for AI/agent workloads requiring govern agent tool usage,"agent tools,function calling,MCP",Govern agent tool usage,direct;sandboxed;approval-required;tenant-scoped,What tools does agent need?;Approval workflow required?;Tenant-specific tools?,agent tool execution patterns {date};MCP tool patterns {date},QG-M3,ai-runtime,,Basic: Direct execution;Advanced: TBAC with approval workflows,tool-execution-middleware;action-gateway-patterns;agent-identity-tbac-patterns
run-contracts,Run Contracts,ai,Use for AI/agent workloads requiring control agent execution scope,"agent scope,budget,guardrails",Control agent execution scope,time-limited;token-limited;cost-limited;action-limited,What execution limits needed?;Budget enforcement required?;Fallback behavior?,AI agent run contracts {date};agent budget enforcement {date},QG-M3,ai-runtime,,Basic: Token limits;Advanced: Full budget with circuit breakers,run-contracts;agent-resilience-patterns
event-driven,Event-Driven Architecture,integration,"Use when integrating modules with async, messaging, decoupling","async,messaging,decoupling",Cross-module communication,domain-events;integration-events;saga-orchestration,What events cross module boundaries?;Eventual consistency acceptable?;Saga patterns needed?,event-driven architecture patterns {date};saga orchestration {date},QG-I1,module-boundaries,,Basic: Domain events;Advanced: Saga with compensation,event-driven-patterns;saga-orchestration-patterns
facade-contracts,Facade Contracts,integration,"Use when integrating modules with API, module interface, versioning","API,module interface,versioning",Module public interfaces,REST;GraphQL;gRPC;async,What interface stability needed?;Breaking change strategy?;Multi-version support?,API versioning patterns {date};facade design patterns {date},QG-I1,module-boundaries,,Basic: REST with versioning;Advanced: Multi-protocol facade,module-facade-patterns;api-version-routing
tenant-lifecycle,Tenant Lifecycle,tenant,Use for tenant management: manage tenant state changes,"onboarding,offboarding,provisioning",Manage tenant state changes,self-service;assisted;enterprise,What provisioning automation needed?;Data retention requirements?;Offboarding compliance?,tenant lifecycle management {date};SaaS onboarding patterns {date},QG-P1,tenant-isolation,,Basic: Manual provisioning;Advanced: Full self-service,tenant-onboarding-patterns;tenant-offboarding-patterns
observability,Observability Stack,operations,Use for operational concerns: tenant-aware telemetry,"monitoring,tracing,logging",Tenant-aware telemetry,metrics;traces;logs;alerts,What SLOs needed?;Tenant-scoped dashboards?;Cost attribution?,tenant-aware observability {date};multi-tenant monitoring {date},QG-P1,tenant-isolation,,Basic: Shared dashboards;Advanced: Per-tenant telemetry,observability;audit-logging-patterns
usage-metering,Usage Metering,monetization,Use for billing/metering: track resource usage,"billing,quotas,limits",Track resource usage,request-based;storage-based;compute-based;feature-based,What usage dimensions to track?;Real-time or batch metering?;Overage handling?,usage-based billing patterns {date};SaaS metering {date},QG-P1,tenant-isolation,,Basic: API request counting;Advanced: Multi-dimensional metering,usage-metering;billing-integration-patterns
compliance,Compliance Framework,security,"Use when implementing meet regulatory requirements with signals: GDPR,SOC2,HIPAA,regulations","GDPR,SOC2,HIPAA,regulations",Meet regulatory requirements,data-residency;audit-logging;encryption;retention,What regulations apply?;Data residency requirements?;Audit trail depth?,SaaS compliance patterns {date};data sovereignty {date},QG-P1,tenant-isolation,,Basic: Audit logging;Advanced: Full compliance framework,sso-integration-patterns;data-sovereignty-patterns;encryption-patterns
deployment,Deployment Strategy,operations,Use for operational concerns: safe production deployments,"CI/CD,releases,rollback",Safe production deployments,blue-green;canary;feature-flags;ring,What rollback speed needed?;Tenant-scoped deployments?;Feature flag strategy?,SaaS deployment strategies {date};feature flag patterns {date},QG-P1,infrastructure;containerization,,Basic: Blue-green;Advanced: Per-tenant canary,deployment;feature-toggle-patterns
testing-isolation,Testing Isolation,testing,Use when testing: verify tenant separation,"tenant separation,security testing",Verify tenant separation,unit;integration;chaos;penetration,What isolation tests needed?;Cross-tenant attack simulation?;Automated vs manual?,multi-tenant testing patterns {date};tenant isolation testing {date},QG-M2,tenant-isolation;test-data-management,,Basic: Unit tests with tenant context;Advanced: Chaos engineering,testing-tenant-isolation
testing-agent-safety,Agent Safety Testing,testing,Use when testing: verify agent controls,"AI safety,guardrails,limits",Verify agent controls,deterministic;stochastic;adversarial;regression,What safety properties to verify?;Adversarial testing needed?;Regression strategy?,AI agent safety testing {date};LLM testing patterns {date},QG-I3,ai-runtime,,Basic: Output validation;Advanced: Adversarial red teaming,testing-agent-safety
customization,Tenant Customization,tenant,Use for tenant management: per-tenant experience,"white-label,theming,branding",Per-tenant experience,theming;feature-flags;configuration;extensions,What customization dimensions?;Tenant vs tier-based?;Extension points?,SaaS customization patterns {date};white-label architecture {date},QG-M1,tenant-isolation,,Basic: Theme variables;Advanced: Full white-label,tenant-customization-patterns;white-labeling-guide
experimentation,Experimentation Platform,tenant,Use for tenant management: data-driven decisions,"A/B testing,feature flags,analytics",Data-driven decisions,feature-flags;cohort-analysis;metrics,What experiments to run?;Statistical significance?;Tenant-scoped experiments?,SaaS experimentation platform {date};A/B testing patterns {date},QG-P1,tenant-isolation,,Basic: Feature flags;Advanced: Full experimentation platform,feature-toggle-patterns
llmops,LLMOps,ai-ops,Use when: llm lifecycle management,"model lifecycle,versioning,monitoring",LLM lifecycle management,model-registry;evaluation;deployment;monitoring,What models in use?;Version management strategy?;Model performance monitoring?,LLMOps best practices {date};ML model versioning {date},QG-M3,ai-runtime,,Basic: Model versioning;Advanced: Full MLOps pipeline,llmops;llm-versioning
disaster-recovery,Disaster Recovery,operations,Use for operational concerns: business continuity,"backup,restore,business continuity",Business continuity,backup;restore;failover;geo-redundancy,What RPO/RTO targets?;Geo-redundancy needed?;Tenant-scoped recovery?,SaaS disaster recovery {date};multi-tenant backup patterns {date},QG-P1,tenant-isolation,,Basic: Regular backups;Advanced: Active-active geo,disaster-recovery
local-dev,Local Development,development,Use for development: developer environment,"developer experience,setup,tooling",Developer environment,containers;mocks;fixtures;seeding,What local setup complexity acceptable?;Multi-tenant simulation?;AI agent testing locally?,local development multi-tenant {date};developer experience patterns {date},none,tenant-isolation,,Basic: Docker compose;Advanced: Full tenant simulation,local-development-setup;parallel-development-guide
rate-limiting,Rate Limiting,operations,Use for operational concerns: per-tenant rate limiting,"high traffic variance,API abuse,resource exhaustion",Per-tenant rate limiting,token-bucket;sliding-window;fixed-window;adaptive,What rate limits per tier?;Burst handling needed?;Per-endpoint vs global limits?,rate limiting multi-tenant SaaS {date};token bucket per-tenant {date},QG-P1,tenant-routing,,Basic: Fixed rate per tenant;Advanced: Adaptive rate limiting with tier awareness,rate-limiting;api-gateway-patterns
quota-management,Quota Management,monetization,Use for billing/metering: usage quota enforcement,"tier limits,usage caps,overage handling",Usage quota enforcement,hard-limit;soft-limit;overage-billing;throttle,What quota dimensions to enforce?;Overage billing or throttle?;Grace periods?,quota management SaaS {date};usage quota enforcement patterns {date},QG-P1,usage-metering,,Basic: Hard limits with blocking;Advanced: Soft limits with overage billing,quota-management;billing-integration-patterns
tenant-routing,Tenant Routing,tenant-isolation,Use when: request routing to tenant context,"request routing,context switching,connection pooling",Request routing to tenant context,header-based;subdomain-based;path-based;token-based,How is tenant identified?;Connection pool strategy?;Caching strategy?,multi-tenant request routing {date};tenant context middleware {date},QG-M2,tenant-isolation,,Basic: Header-based routing;Advanced: Intelligent routing with connection pooling,tenant-routing;multi-tenant-patterns
tenant-context-propagation,Context Propagation,tenant-isolation,Use when: context flow through services,"context passing,async context,distributed tracing",Context flow through services,thread-local;async-context;correlation-id;baggage,How to propagate across async boundaries?;Distributed tracing integration?;Context serialization?,tenant context propagation async {date};distributed context multi-tenant {date},QG-M2,tenant-routing,,Basic: Thread-local context;Advanced: Full async context with distributed tracing,context-propagation-patterns;observability
cost-tracking,Cost Tracking,monetization,Use for billing/metering: cost attribution per tenant,"cost allocation,resource attribution,billing data",Cost attribution per tenant,resource-tagging;usage-based;time-based;request-based,What cost dimensions to track?;Real-time or batch attribution?;Shared resource allocation?,cost allocation multi-tenant SaaS {date};tenant cost attribution {date},QG-P1,usage-metering;observability,,Basic: Request-based tracking;Advanced: Full resource attribution with shared cost allocation,cost-tracking;usage-metering
performance-isolation,Performance Isolation,operations,Use for operational concerns: noisy neighbor prevention,"resource contention,performance variance,fair scheduling",Noisy neighbor prevention,resource-limits;priority-queues;fair-scheduling;isolation-pools,What resources to isolate?;Priority tiers needed?;Burst allowance?,noisy neighbor prevention {date};multi-tenant performance isolation {date},QG-I2,rate-limiting;tenant-routing,,Basic: Resource limits per tenant;Advanced: Priority-based scheduling with isolation pools,performance-isolation;rate-limiting
data-residency,Data Residency,compliance,"Use for compliance requirements: GDPR, data sovereignty, regional requirements","GDPR,data sovereignty,regional requirements",Geographic data storage,region-pinning;geo-routing;cross-region-sync;data-localization,What regions required?;Cross-region access patterns?;Compliance certification needs?,data residency multi-tenant SaaS {date};GDPR data sovereignty patterns {date},QG-P1,tenant-routing;compliance,,Basic: Region pinning at signup;Advanced: Dynamic geo-routing with compliance automation,data-residency;compliance
encryption-key-management,Encryption Key Management,security,"Use when implementing cmk/kms patterns with signals: per-tenant keys,key rotation,HSM integration","per-tenant keys,key rotation,HSM integration",CMK/KMS patterns,shared-keys;per-tenant-keys;customer-managed-keys;hybrid,Who manages keys?;Rotation frequency?;HSM requirements?,per-tenant encryption keys {date};CMK multi-tenant KMS {date},QG-P1,tenant-isolation;compliance,,Basic: Shared keys with tenant isolation;Advanced: Customer-managed keys with HSM integration,encryption-patterns;compliance
idempotency,Idempotency,architecture,Use when: idempotent api operations,"duplicate requests,retry safety,API reliability",Idempotent API Operations,idempotency-keys;request-deduplication;at-least-once-delivery,What retry patterns needed?;How to handle duplicate requests?;Idempotency key storage?,{date} idempotency patterns REST API;{date} idempotent operations distributed systems,QG-M1,api-gateway,,Basic: Idempotency keys in headers;Advanced: Distributed deduplication with TTL,api-gateway-patterns;event-driven-patterns
caching-strategy,Caching Strategy,operations,Use for operational concerns: multi-level caching,"high read volume,response latency,tenant data caching",Multi-Level Caching,local-cache;distributed-cache;cdn;write-through;write-behind,What cache invalidation strategy?;Per-tenant cache isolation?;Cache warming needed?,{date} multi-tenant caching patterns;{date} cache invalidation strategies SaaS,QG-M2,tenant-routing,,Basic: Simple key-value cache;Advanced: Multi-level with tenant-aware invalidation,rate-limiting;performance-isolation
background-jobs,Background Jobs,operations,Use for operational concerns: tenant-aware async jobs,"async processing,long-running tasks,scheduled work",Tenant-Aware Async Jobs,queue-based;scheduled;event-triggered;batch-processing,How to propagate tenant context?;Job priority per tier?;Retry and dead-letter handling?,{date} tenant-aware background jobs;{date} async job processing multi-tenant,QG-M3,event-driven,,Basic: Simple queue with tenant header;Advanced: Priority queues with tenant context propagation,event-driven-patterns;tenant-routing
file-storage,File Storage,tenant,Use for tenant management: tenant-scoped file storage,"blob storage,file uploads,document management",Tenant-Scoped File Storage,bucket-per-tenant;prefix-isolation;metadata-tagging;signed-urls,What isolation level for files?;CDN distribution needed?;Lifecycle policies per tenant?,{date} tenant isolated file storage;{date} multi-tenant blob storage patterns,QG-M2,tenant-isolation,,Basic: Prefix-based isolation;Advanced: Bucket-per-tenant with cross-region replication,tenant-isolation;data-residency
session-management,Session Management,security,"Use when implementing tenant session management with signals: tenant sessions,session isolation,SaaS sessions","tenant sessions,session isolation,SaaS sessions",Tenant Session Management,scoped-sessions;session-per-tenant;shared-session-store,What compliance requirements apply?;Session timeout policies?;Cross-device session handling?,{date} multi-tenant session management;{date} session isolation SaaS,QG-M2,tenant-isolation,,Basic: Tenant-scoped session tokens;Advanced: Full session isolation with compliance audit,tenant-isolation;compliance
webhook-delivery,Webhook Delivery,integration,"Use when integrating modules with webhooks, event delivery, tenant notifications","webhooks,event delivery,tenant notifications",Tenant Webhook Delivery,at-least-once;exactly-once;retry-queues,Delivery guarantees needed?;Retry strategy?;Dead letter handling?,{date} webhook delivery patterns;{date} tenant webhook management,QG-I1,event-driven,,Basic: At-least-once with retries;Advanced: Exactly-once with idempotency,event-driven-patterns;tenant-routing
api-throttling,Api Throttling,operations,Use for operational concerns: api throttling per tenant,"rate limits,API abuse,tenant quotas",API Throttling per Tenant,fixed-window;sliding-window;token-bucket;adaptive,What rate limits per tier?;Burst handling needed?;Per-endpoint vs global limits?,{date} API throttling multi-tenant;{date} tenant rate limiting patterns,QG-M2,tenant-routing,,Basic: Fixed rate limits per tenant;Advanced: Adaptive throttling with tier awareness,rate-limiting;quota-management
data-archival,Data Archival,operations,Use for operational concerns: tenant data archival,"data retention,archival policies,tenant lifecycle",Tenant Data Archival,time-based;storage-based;compliance-based;tiered,What retention periods required?;Archive vs delete?;Retrieval requirements?,{date} data archival multi-tenant;{date} tenant data lifecycle,QG-I2,compliance,,Basic: Time-based archival policies;Advanced: Compliance-driven with retrieval SLAs,compliance;saas-lifecycle
notification-system,Notification System,integration,"Use when integrating modules with notifications, alerts, tenant messaging","notifications,alerts,tenant messaging",Multi-Tenant Notifications,email;push;in-app;multi-channel,What channels needed?;Tenant customization?;Delivery tracking?,{date} multi-tenant notifications;{date} SaaS notification patterns,QG-I1,event-driven,,Basic: Email notifications;Advanced: Multi-channel with tenant preferences,event-driven-patterns;tenant-routing
search-indexing,Search Indexing,operations,Use for operational concerns: tenant search indexing,"search,indexing,tenant isolation",Tenant Search Indexing,shared-index;index-per-tenant;filtered-search,What search capabilities needed?;Index isolation requirements?;Real-time vs batch indexing?,{date} multi-tenant search indexing;{date} Elasticsearch tenant isolation,QG-M2,tenant-isolation,,Basic: Filtered search on shared index;Advanced: Index-per-tenant with custom analyzers,tenant-isolation;performance-isolation
circuit-breaker,Circuit Breaker,architecture,Use when: circuit breaker patterns,"resilience,fault tolerance,distributed systems",Circuit Breaker Patterns,closed;open;half-open;bulkhead,What failure scenarios to handle?;Recovery strategy?;Fallback behavior?,{date} circuit breaker patterns;{date} resilience patterns microservices,QG-M1,resilience,,Basic: Simple circuit breaker;Advanced: Hierarchical with bulkhead isolation,agent-resilience-patterns;api-gateway-patterns
retry-policies,Retry Policies,architecture,Use when: retry and backoff policies,"retries,backoff,transient failures",Retry and Backoff Policies,immediate;linear;exponential;jitter,What retry limits?;Backoff strategy?;Idempotency requirements?,{date} retry patterns distributed systems;{date} exponential backoff best practices,QG-M1,event-driven,,Basic: Exponential backoff;Advanced: Adaptive with circuit breaker integration,agent-resilience-patterns;event-driven-patterns
mcp-server-isolation,Mcp Server Isolation,ai,Use for AI/agent workloads requiring mcp server tenant isolation,"MCP server,tenant context,tool isolation",MCP Server Tenant Isolation,shared-server;tenant-server;hybrid-mcp,What MCP servers needed?;Tenant context propagation?;Tool permission model?,{date} MCP server multi-tenant;{date} Model Context Protocol isolation,QG-M3,tool-execution,,Basic: Shared MCP with tenant filter;Advanced: Per-tenant MCP instances,tool-execution;agent-runtime-patterns
mcp-client-patterns,Mcp Client Patterns,ai,Use for AI/agent workloads requiring mcp client integration,"MCP client,agent integration,tool discovery",MCP Client Integration,direct-client;pooled-client;gateway-client,How to discover MCP tools?;Connection pooling strategy?;Client lifecycle management?,{date} MCP client patterns;{date} Model Context Protocol integration,QG-M3,mcp-server-isolation,,Basic: Direct client per agent;Advanced: Connection pooling with tenant routing,tool-execution;agent-runtime-patterns
agent-coordination,Agent Coordination,ai,Use for AI/agent workloads requiring multi-agent coordination,"multi-agent,collaboration,orchestration",Multi-Agent Coordination,sequential;parallel;hierarchical;swarm,How many agents needed?;Communication protocol?;Coordination complexity?,{date} multi-agent coordination patterns;{date} agent swarm orchestration,QG-M3,ai-runtime,,Basic: Sequential handoff;Advanced: Swarm with emergent behavior,agent-runtime-patterns;event-driven-patterns
agent-negotiation,Agent Negotiation,ai,Use for AI/agent workloads requiring agent negotiation protocols,"consensus,voting,conflict resolution",Agent Negotiation Protocols,voting;auction;contract-net;consensus,How to resolve agent conflicts?;Voting mechanism?;Consensus threshold?,{date} agent negotiation protocols;{date} multi-agent consensus,QG-M3,agent-coordination,,Basic: Simple majority voting;Advanced: Contract net with utility functions,multi-agent-coordination;saga-orchestration-patterns
model-fine-tuning,Model Fine Tuning,ai-lifecycle,Use when: design tenant-specific model fine-tuning,"tenant data isolation,training quotas,model versioning",Design tenant-specific model fine-tuning,LoRA;QLoRA;full-fine-tuning;adapter-tuning,What fine-tuning method?;Tenant data isolation level?;Training quota management?,LLM fine-tuning multi-tenant {date};model training isolation patterns {date},QG-M3,ai-runtime,,Basic: Shared fine-tuning;Advanced: Tenant-isolated training pipelines,model-fine-tuning-guide;llmops
model-deployment,Model Deployment,ai-lifecycle,Use when: safe model deployment pipeline,"canary deployment,tenant rollout,rollback procedures",Safe model deployment pipeline,blue-green;canary;ring-deployment;shadow,Rollout strategy per tenant tier?;Rollback automation?;A/B testing needed?,model deployment pipeline {date};ML model release strategies {date},QG-AI1,model-fine-tuning,,Basic: Blue-green deployment;Advanced: Per-tenant canary with automatic rollback,llm-versioning;llmops
model-versioning,Model Versioning,ai-lifecycle,Use when: model registry and versioning,"version control,model registry,tenant model mapping",Model registry and versioning,semantic;timestamp;hash-based;hybrid,Version scheme for models?;Tenant-specific models?;Model lineage tracking?,ML model versioning best practices {date};model registry patterns {date},QG-M3,model-fine-tuning,,Basic: Semantic versioning;Advanced: Full lineage with tenant mapping,llmops;model-fine-tuning-guide
llm-cost-tracking,Llm Cost Tracking,cost-optimization,Use when: llm cost attribution and tracking,"token metering,cost attribution,budget alerts",LLM cost attribution and tracking,per-request;per-session;per-tenant;aggregate,Cost attribution granularity?;Real-time vs batch tracking?;Budget alert thresholds?,LLM cost tracking multi-tenant {date};AI cost optimization {date},QG-P1,usage-metering,,Basic: Per-request token counting;Advanced: Full cost attribution with allocation,llm-cost-optimization-guide;usage-metering
token-budgeting,Token Budgeting,cost-optimization,Use when: token budget enforcement,"per-tenant limits,budget enforcement,overage handling",Token budget enforcement,hard-limit;soft-limit;throttle;burst-allowance,Budget enforcement strategy?;Overage handling?;Per-tier limits?,token budget management {date};LLM usage quotas {date},QG-P1,llm-cost-tracking,,Basic: Hard limits per tenant;Advanced: Adaptive budgets with burst,llm-cost-optimization-guide;quota-management
prompt-catalog,Prompt Catalog,ai-lifecycle,Use when: prompt library management,"prompt versioning,tenant prompts,prompt testing",Prompt library management,centralized;distributed;hybrid;tenant-specific,Prompt organization strategy?;Version control approach?;A/B testing needed?,prompt management systems {date};prompt library patterns {date},QG-M3,ai-runtime,,Basic: Centralized catalog;Advanced: Tenant-specific with inheritance,prompt-catalog-guide;llmops
vector-database,Vector Database,ai-lifecycle,Use when: design vector database architecture for multi-tenant ai,"vector storage,semantic search,embeddings persistence",Design vector database architecture for multi-tenant AI,pinecone;weaviate;qdrant;pgvector;milvus,What scale of vectors expected?;Tenant isolation for vectors?;Real-time vs batch indexing?,vector database multi-tenant {date};embedding storage patterns {date};pgvector vs dedicated vector db {date},QG-M3,ai-runtime,,Basic: Shared collection with tenant filtering;Advanced: Namespace-per-tenant with hybrid search,memory-tiers;tenant-isolation
embedding-strategy,Embedding Strategy,ai-lifecycle,Use when: select and manage embedding models for tenant data,"embedding models,text embeddings,multimodal embeddings",Select and manage embedding models for tenant data,openai-embeddings;sentence-transformers;cohere;custom-fine-tuned,What embedding dimensions needed?;Tenant-specific embeddings?;Cost vs quality tradeoff?,embedding model selection {date};multi-tenant embedding patterns {date};embedding fine-tuning strategies {date},QG-M3,vector-database,,Basic: Shared embedding model;Advanced: Tenant-specific fine-tuned embeddings,model-fine-tuning-guide;memory-tiers
agent-memory-optimization,Agent Memory Optimization,ai,Use for AI/agent workloads requiring optimize agent memory usage across tiers,"memory efficiency,context window,token optimization",Optimize agent memory usage across tiers,context-compression;memory-pruning;hierarchical-summary;sliding-window,What memory persistence needed?;Token budget constraints?;Cross-session continuity?,agent memory optimization {date};LLM context window management {date};memory-efficient agents {date},QG-M3,memory-tiers,,Basic: Fixed context window;Advanced: Hierarchical memory with compression,memory-tiers;llm-cost-optimization-guide;cost-tracking
llm-observability,Llm Observability,operations,Use for operational concerns: implement llm-specific observability and debugging,"LLM monitoring,prompt tracing,model performance",Implement LLM-specific observability and debugging,langsmith;langfuse;helicone;phoenix;custom,What LLM metrics to track?;Prompt versioning integration?;Cost attribution granularity?,LLM observability platforms {date};prompt tracing best practices {date};LLM debugging patterns {date},QG-P1,observability,,Basic: Request logging with tokens;Advanced: Full prompt tracing with evaluation,observability;llmops;cost-tracking
tenant-sandbox,Tenant Sandbox,tenant,Use for tenant management: provision isolated development sandboxes per tenant,"development environment,testing isolation,demo instances",Provision isolated development sandboxes per tenant,ephemeral;persistent;cloned;synthetic-data,What sandbox lifecycle policy?;Data seeding approach?;Production parity level?,tenant sandbox provisioning {date};development environment multi-tenant {date};ephemeral environment patterns {date},QG-P1,tenant-isolation,,Basic: Shared dev environment with tenant prefix;Advanced: Fully isolated ephemeral sandboxes,local-development-setup;tenant-onboarding-patterns;testing-tenant-isolation
prompt-management,Prompt Management,ai-lifecycle,Use when: manage prompt lifecycle and optimization,"prompt engineering,prompt versioning,prompt templates",Manage prompt lifecycle and optimization,template-based;dynamic-generation;a-b-testing;version-control,How to version prompts?;A/B testing strategy?;Prompt template inheritance?,prompt engineering best practices {date};prompt versioning systems {date};LLM prompt management {date},QG-M3,ai-runtime,,Basic: Static prompt templates;Advanced: Dynamic prompts with A/B testing,prompt-catalog-guide;llmops;agent-runtime-patterns
billing-integration,Billing Integration,monetization,Use for billing/metering: integrate billing and payment systems,"payment processing,subscription management,invoice generation",Integrate billing and payment systems,stripe;paddle;chargebee;custom-billing,What payment processor?;Subscription model complexity?;Multi-currency support?,SaaS billing integration {date};subscription management patterns {date};usage-based billing {date},QG-P1,usage-metering,,Basic: Simple subscription billing;Advanced: Usage-based with overage,usage-metering;cost-tracking;tenant-lifecycle
ai-runtime-config,Ai Runtime Config,ai,Use for AI/agent workloads requiring configure ai model runtime parameters,"model configuration,inference settings,runtime parameters",Configure AI model runtime parameters,temperature;max-tokens;timeout;retry-policy;model-selection,What inference parameters?;Per-tenant model selection?;Fallback configuration?,LLM configuration best practices {date};model inference optimization {date};AI runtime configuration {date},QG-M3,ai-runtime,,Basic: Global configuration;Advanced: Per-tenant model routing,agent-runtime-patterns;llmops;run-contracts
tenant-analytics,Tenant Analytics,operations,Use for operational concerns: implement tenant-scoped analytics and reporting,"usage analytics,business intelligence,reporting dashboards",Implement tenant-scoped analytics and reporting,embedded-analytics;export-api;custom-dashboards;real-time-metrics,What analytics dimensions?;Self-service vs managed?;Data export requirements?,multi-tenant analytics {date};embedded BI SaaS {date};tenant reporting patterns {date},QG-P1,observability,,Basic: Pre-built dashboards;Advanced: Self-service analytics,observability;cost-tracking;usage-metering
sso-authentication,Sso Authentication,security,"Use when implementing implement enterprise sso and identity federation with signals: enterprise SSO,SAML,OIDC,identity federation","enterprise SSO,SAML,OIDC,identity federation",Implement enterprise SSO and identity federation,saml-2-0;oidc;ldap;scim-provisioning,What IdP protocols supported?;JIT provisioning needed?;Session management strategy?,enterprise SSO SaaS {date};SAML OIDC integration {date};multi-tenant authentication {date},QG-S5,tenant-isolation,,Basic: OIDC only;Advanced: Full SAML + SCIM provisioning,sso-integration-patterns;tenant-routing
api-security,Api Security,security,"Use when implementing secure tenant api access and authentication with signals: api authentication,rate limiting,api keys","api authentication,rate limiting,api keys",Secure tenant API access and authentication,api-keys;jwt;oauth2;mutual-tls,API authentication method?;Key rotation policy?;Scope-based authorization?,API security best practices {date};tenant API authentication {date};API key management SaaS {date},QG-S5,tenant-routing,,Basic: API keys with rotation;Advanced: OAuth2 with scopes,rate-limiting;quota-management;encryption-patterns
data-encryption,Data Encryption,security,"Use when implementing implement data encryption for tenant data with signals: encryption at rest,encryption in transit,key management","encryption at rest,encryption in transit,key management",Implement data encryption for tenant data,aes-256;kms;customer-managed-keys;envelope-encryption,Encryption algorithm?;Key management strategy?;Per-tenant keys?,data encryption SaaS {date};tenant key management {date};envelope encryption patterns {date},QG-P1,tenant-isolation,,Basic: Platform-managed keys;Advanced: Customer-managed keys (CMK),encryption-patterns;compliance
connection-pooling,Connection Pooling,database,Use when: tenant-aware connection pooling,"high concurrency,shared resources",Tenant-aware connection pooling,pgbouncer;hikari;custom,Pool size per tenant?;Connection limits?,multi-tenant connection pooling {date};PgBouncer tenant patterns {date},QG-M2,database;performance,,Basic: Shared pool;Advanced: Per-tenant pools,tenant-routing;multi-tenant-patterns
query-routing,Query Routing,database,Use when: database query routing,"read replicas,write primary",Database query routing,read-replica;primary-only;split,Read/write split needed?;Tenant-specific routing?,database query routing multi-tenant {date},QG-M2,connection-pooling,,Basic: Single primary;Advanced: Read replicas,tenant-routing;multi-tenant-patterns
tenant-db-context,Tenant Db Context,database,Use when: tenant database context,"connection context,SET LOCAL",Tenant database context,set-local;connection-var;app-context,How to propagate tenant ID?;Context validation?,PostgreSQL SET LOCAL tenant {date},QG-M2,tenant-context-propagation,,Basic: App-level;Advanced: Connection-level,multi-tenant-context;rls-best-practices
migration-per-tenant,Migration Per Tenant,database,Use when: tenant-aware migrations,"schema DDL,zero-downtime",Tenant-aware migrations,shared;per-schema;per-database,Migration strategy?;Rollback plan?,multi-tenant database migrations {date},QG-M2,tenant-isolation,,Basic: Shared migrations;Advanced: Per-tenant DDL,tenant-migration-patterns;deployment
rag-retrieval,Rag Retrieval,ai,Use for AI/agent workloads requiring rag retrieval patterns,"semantic search,document retrieval",RAG retrieval patterns,vector-search;hybrid;keyword,Retrieval method?;Chunk size?;Tenant isolation?,RAG retrieval patterns {date},QG-M3,vector-database,,Basic: Simple vector;Advanced: Hybrid retrieval,rag-architecture-guide;vector-database-guide
rag-generation,Rag Generation,ai,Use for AI/agent workloads requiring rag generation patterns,"context augmentation,synthesis",RAG generation patterns,stuff;map-reduce;refine,Generation strategy?;Context window?,RAG generation patterns {date},QG-M3,rag-retrieval,,Basic: Stuff all;Advanced: Map-reduce,rag-architecture-guide;ai-runtime
embedding-management,Embedding Management,ai,Use for AI/agent workloads requiring embedding lifecycle,"batch processing,updates",Embedding lifecycle,batch;incremental;real-time,Update frequency?;Staleness detection?,embedding lifecycle management {date},QG-M3,embedding-strategy,,Basic: Batch;Advanced: Real-time sync,model-fine-tuning-guide;vector-database-guide
agent-fallback,Agent Fallback,ai,Use for AI/agent workloads requiring agent fallback chains,"graceful degradation,timeout",Agent fallback chains,model-fallback;provider-fallback;cache,Fallback hierarchy?;Quality thresholds?,LLM fallback patterns {date},QG-M3,circuit-breaker,,Basic: Single fallback;Advanced: Chain with quality gates,agent-resilience-patterns;circuit-breaker
context-compression,Context Compression,ai,Use for AI/agent workloads requiring context compression,"token optimization,summarization",Context compression,truncation;summarization;sliding-window,Compression strategy?;Information loss tolerance?,LLM context compression {date},QG-M3,agent-memory-optimization,,Basic: Truncation;Advanced: Semantic compression,memory-tiers;context-compiler-patterns
tool-result-caching,Tool Result Caching,ai,Use for AI/agent workloads requiring tool result caching,"deterministic tools,cache",Tool result caching,per-request;per-session;per-tenant,Cache TTL?;Invalidation strategy?,agent tool caching {date},QG-M3,tool-execution,,Basic: No cache;Advanced: Tenant-scoped TTL,tool-execution;caching-strategies
zero-trust,Zero Trust,security,"Use when implementing zero trust architecture with signals: never trust,always verify","never trust,always verify",Zero trust architecture,network;identity;data,Trust boundaries?;Verification points?,zero trust architecture SaaS {date},QG-S5,api-security,,Basic: Perimeter;Advanced: Full zero-trust,all-security-patterns;network-security-patterns
rbac,Rbac,security,"Use when implementing role-based access control with signals: role-based,permissions","role-based,permissions",Role-based access control,flat;hierarchical;per-tenant,Role hierarchy?;Tenant admin roles?,RBAC multi-tenant patterns {date},QG-S5,sso-authentication,,Basic: Global roles;Advanced: Tenant-scoped roles,rbac-abac-patterns;sso-integration-patterns
abac,Abac,security,"Use when implementing attribute-based access with signals: attribute-based,dynamic","attribute-based,dynamic",Attribute-based access,policy-engine;inline;external,Policy complexity?;Real-time evaluation?,ABAC implementation patterns {date},QG-S5,rbac,,Basic: Simple rules;Advanced: External policy engine,rbac-abac-patterns;all-security-patterns
secrets-management,Secrets Management,security,"Use when implementing secrets management with signals: vault,rotation","vault,rotation",Secrets management,vault;kms;env-vars,Rotation policy?;Per-tenant secrets?,secrets management multi-tenant {date},QG-S5,encryption-key-management,,Basic: Env vars;Advanced: Vault with rotation,encryption-key-management;encryption-patterns
tenant-encryption-at-rest,Tenant Encryption At Rest,security,"Use when implementing tenant data encryption with signals: field-level,transparent","field-level,transparent",Tenant data encryption,platform-keys;tenant-keys;field-level,Key management?;Per-tenant keys?,field level encryption multi-tenant {date},QG-P1,data-encryption,,Basic: Platform keys;Advanced: Customer-managed keys,encryption-patterns;compliance
audit-immutability,Audit Immutability,security,"Use when implementing immutable audit logs with signals: tamper-proof,chain","tamper-proof,chain",Immutable audit logs,append-only;blockchain;signed,Tamper detection?;Retention period?,immutable audit log patterns {date},QG-S5,compliance,,Basic: Append-only;Advanced: Cryptographic chain,audit-logging-patterns;compliance
distributed-tracing,Distributed Tracing,observability,Use when: distributed tracing,"cross-service,correlation",Distributed tracing,opentelemetry;jaeger;zipkin,Trace propagation?;Tenant context in spans?,distributed tracing multi-tenant {date},QG-P1,tenant-context-propagation,,Basic: Request tracing;Advanced: Full distributed,observability;context-propagation-patterns
log-aggregation,Log Aggregation,observability,Use when: log aggregation,"centralized,filtering",Log aggregation,elk;loki;cloudwatch,Tenant log isolation?;Retention by tier?,log aggregation multi-tenant SaaS {date},QG-P1,observability,,Basic: Shared logs;Advanced: Tenant-isolated,observability;compliance
apm-integration,Apm Integration,observability,Use when: apm integration,"performance,latency",APM integration,datadog;newrelic;dynatrace,Metrics per tenant?;Cost allocation?,APM multi-tenant patterns {date},QG-P1,observability,,Basic: Global APM;Advanced: Tenant dashboards,observability;observability-sre
metric-cardinality,Metric Cardinality,observability,Use when: metric cardinality control,"high cardinality,labels",Metric cardinality control,aggregation;sampling;label-limits,Tenant label strategy?;Cost control?,metric cardinality multi-tenant {date},QG-P1,observability,,Basic: No tenant labels;Advanced: Controlled cardinality,observability;cost-tracking
alert-routing,Alert Routing,observability,Use when: alert routing,"tenant-specific,escalation",Alert routing,pagerduty;opsgenie;custom,Per-tenant alerts?;Escalation paths?,multi-tenant alerting patterns {date},QG-P1,observability,,Basic: Global alerts;Advanced: Tenant-routed,observability;notification-system
event-sourcing,Event Sourcing,architecture,Use when: event sourcing,"event store,replay",Event sourcing,eventstore;kafka;custom,Event schema?;Tenant partitioning?,event sourcing multi-tenant {date},QG-M2,event-driven,,Basic: Single stream;Advanced: Tenant streams,event-sourcing-guide;event-driven-patterns
cqrs,CQRS,architecture,Use when: cqrs pattern,read-write separation,CQRS pattern,separate-models;projections;views,Read model strategy?;Eventual consistency?,CQRS multi-tenant patterns {date},QG-M2,event-sourcing,,Basic: Shared models;Advanced: Tenant projections,cqrs-pattern-guide;event-sourcing-guide
saga-orchestration,Saga Orchestration,integration,"Use when integrating modules with distributed tx, compensation","distributed tx,compensation",Saga orchestration,state-machine;orchestrator;workflow,Compensation strategy?;Timeout handling?,saga orchestration patterns {date},QG-I1,event-driven,,Basic: Simple saga;Advanced: Nested compensation,saga-guide;event-driven-patterns
saga-choreography,Saga Choreography,integration,"Use when integrating modules with event coordination, loose-coupling","event coordination,loose-coupling",Saga choreography,domain-events;pub-sub;reactive,Event routing?;Ordering guarantees?,saga choreography patterns {date},QG-I1,saga-orchestration,,Basic: Simple events;Advanced: Event mesh,saga-guide;event-driven-patterns
dead-letter-queue,Dead Letter Queue,integration,"Use when integrating modules with failed messages, retry","failed messages,retry",Dead letter handling,dlq;retry-topic;manual,Retry policy?;Alert threshold?,dead letter queue patterns {date},QG-I1,event-driven,,Basic: Simple DLQ;Advanced: Automated retry,retry-policies;event-driven-patterns
event-schema-evolution,Event Schema Evolution,integration,"Use when integrating modules with backward compat, versioning","backward compat,versioning",Schema evolution,avro;protobuf;json-schema,Compatibility mode?;Registry?,event schema evolution {date},QG-I1,event-driven,,Basic: JSON;Advanced: Schema registry,facade-contracts;event-driven-patterns
cdn-caching,Cdn Caching,operations,Use for operational concerns: cdn caching,"static assets,edge",CDN caching,cloudfront;cloudflare;fastly,Tenant-aware purge?;Cache headers?,CDN multi-tenant patterns {date},QG-P1,caching-strategy,,Basic: Global CDN;Advanced: Tenant-aware,caching-strategies;performance-isolation
edge-caching,Edge Caching,operations,Use for operational concerns: edge caching,"geo-distribution,latency",Edge caching,edge-functions;regional-cache;cf-workers,Regional strategy?;Invalidation?,edge caching patterns SaaS {date},QG-P1,cdn-caching,,Basic: Regional CDN;Advanced: Edge compute,caching-strategies;data-residency
tenant-cache-isolation,Tenant Cache Isolation,operations,Use for operational concerns: tenant cache isolation,"namespace,quotas",Tenant cache isolation,key-prefix;separate-instance;quota,Isolation strategy?;Quota enforcement?,tenant cache isolation Redis {date},QG-M2,caching-strategy,,Basic: Key prefix;Advanced: Separate instances,caching-strategies;tenant-isolation
cache-warming,Cache Warming,operations,Use for operational concerns: cache warming,"precompute,startup",Cache warming,startup;scheduled;predictive,Warming strategy?;Priority data?,cache warming strategies {date},QG-P1,caching-strategy,,Basic: On-demand;Advanced: Predictive,caching-strategies;background-jobs
cache-aside,Cache Aside,architecture,Use when: cache-aside pattern,"lazy-load,write-through",Cache-aside pattern,read-through;write-through;write-behind,Consistency model?;TTL strategy?,cache aside pattern distributed {date},QG-M2,caching-strategy,,Basic: Simple TTL;Advanced: Write-through,caching-strategies;performance-isolation
api-gateway,API Gateway,integration,"Use when integrating modules with traffic management, routing","traffic management,routing",API gateway design,kong;aws-apigw;custom,Rate limiting?;Tenant routing?,API gateway multi-tenant {date},QG-P1,rate-limiting,,Basic: Simple routing;Advanced: Full gateway,api-gateway-patterns;rate-limiting
feature-flags,Feature Flags,operations,Use for operational concerns: feature flag management,"rollout,experimentation",Feature flag management,launchdarkly;unleash;custom,Per-tenant flags?;Rollout strategy?,feature flags multi-tenant SaaS {date},QG-P1,experimentation,,Basic: Global flags;Advanced: Tenant-targeted,experimentation;customization
health-scoring,Health Scoring,analytics,Use when: tenant health scoring,"tenant health,signals",Tenant health scoring,engagement;usage;risk,Health dimensions?;Scoring model?,tenant health scoring SaaS {date},QG-P1,tenant-analytics,,Basic: Simple metrics;Advanced: ML-based scoring,observability;customer-success-guide
analytics,Analytics,operations,Use for operational concerns: tenant analytics and reporting,"tenant analytics,reporting,business intelligence,dashboards",Tenant analytics and reporting,embedded-analytics;custom-dashboards;export-api;real-time-metrics,What analytics dimensions?;Self-service or managed?;Data export requirements?;Real-time needed?,tenant analytics patterns {date};embedded analytics multi-tenant SaaS {date};tenant reporting dashboards {date},QG-P1,observability,,Basic: Pre-built tenant dashboards;Advanced: Self-service analytics with custom dimensions,customer-success-guide;observability;cost-tracking
ai-operations,Ai Operations,ai,Use for AI/agent workloads requiring ai operations and management,"LLM operations,model management,AI infrastructure",AI operations and management,model-registry;deployment-pipelines;monitoring;cost-tracking,What AI models in use?;How to track model performance?;Cost attribution strategy?;Model versioning approach?,AI operations best practices {date};LLMOps platform patterns {date};AI model management multi-tenant {date},QG-M3,ai-runtime,,Basic: Single model deployment;Advanced: Full MLOps with model registry,llmops;llm-versioning;cost-tracking
ai-safety,Ai Safety,ai,Use for AI/agent workloads requiring ai safety guardrails and testing,"AI guardrails,safety testing,content moderation,harmful outputs",AI safety guardrails and testing,output-filtering;prompt-injection-detection;content-moderation;red-teaming,What safety controls needed?;Adversarial testing required?;Content moderation level?;Compliance for AI outputs?,AI safety guardrails patterns {date};LLM red teaming best practices {date};AI content moderation multi-tenant {date},QG-I3,ai-runtime,,Basic: Output filtering;Advanced: Full red-teaming with adversarial testing,testing-agent-safety;run-contracts;ai-runtime
ai-testing,Ai Testing,ai,Use for AI/agent workloads requiring ai agent testing patterns,"agent testing,LLM testing,AI quality assurance",AI agent testing patterns,unit-testing;integration-testing;regression-testing;chaos-testing,What agent behaviors to test?;Deterministic vs stochastic tests?;Regression strategy?;Cross-tenant testing?,AI agent testing patterns {date};LLM testing frameworks {date};agent quality assurance {date},QG-I3,ai-runtime,,Basic: Deterministic output tests;Advanced: Stochastic testing with statistical validation,testing-agent-safety;ai-runtime;run-contracts
documentation,Documentation,operations,Use for operational concerns: documentation automation,"docs automation,API documentation,tenant docs",Documentation automation,api-docs;sdk-generation;changelog;tenant-specific-docs,What documentation types needed?;Automated generation?;Tenant-specific customization?;Version documentation?,documentation automation patterns {date};API documentation generation SaaS {date};tenant documentation patterns {date},QG-P1,,,Basic: Auto-generated API docs;Advanced: Tenant-specific documentation portals,facade-contracts;api-gateway-patterns
resilience,Resilience,architecture,Use when: system resilience patterns,"fault tolerance,circuit breakers,graceful degradation",System resilience patterns,circuit-breaker;bulkhead;retry-policies;fallback-chains,What failure modes to handle?;Recovery strategy?;Blast radius isolation?;Degradation levels?,system resilience patterns {date};fault tolerance multi-tenant SaaS {date};graceful degradation architecture {date},QG-M1,circuit-breaker,,Basic: Circuit breakers with retries;Advanced: Full bulkhead isolation with graceful degradation,circuit-breaker;retry-policies;agent-resilience-patterns
ai-context,Ai Context,ai,Use for AI/agent workloads requiring ai context management,"context management,context window,token optimization",AI context management,context-compression;sliding-window;hierarchical-context;context-caching,What context window size?;Compression strategy?;Cross-session context?;Tenant context isolation?,AI context management patterns {date};LLM context window optimization {date};agent context strategies {date},QG-M3,memory-tiers,,Basic: Fixed context window;Advanced: Hierarchical context with compression,memory-tiers;context-compiler-patterns;memory-tiers
cost,Cost,operations,Use for operational concerns: cost management patterns,"cost management,billing optimization,resource allocation",Cost management patterns,cost-attribution;budget-enforcement;resource-quotas;cost-alerts,What cost dimensions to track?;Budget enforcement strategy?;Per-tenant cost allocation?;Optimization targets?,cost management multi-tenant SaaS {date};cloud cost optimization patterns {date};tenant cost attribution {date},QG-P1,cost-tracking,,Basic: Per-tenant cost tracking;Advanced: Full cost attribution with optimization recommendations,cost-tracking;usage-metering;llm-cost-optimization-guide
graphql,Graphql,integration,"Use when integrating modules with GraphQL, multi-tenant API, federated schema","GraphQL,multi-tenant API,federated schema",GraphQL multi-tenant patterns,tenant-scoped-schema;federated-graphql;dataloader-per-tenant;subscription-isolation,GraphQL or REST?;Tenant schema customization?;Federation needed?;Real-time subscriptions?,GraphQL multi-tenant patterns {date};GraphQL federation SaaS {date};tenant-aware GraphQL {date},QG-I1,facade-contracts,,Basic: Tenant-scoped queries with context;Advanced: Federated GraphQL with per-tenant schemas,facade-contracts;api-gateway-patterns;tenant-routing
capacity,Capacity,operations,Use for operational concerns: capacity planning and management,"resource planning,scaling thresholds,capacity management",Capacity planning and management,headroom-based;demand-forecasting;auto-scaling-triggers;tenant-quotas,What capacity dimensions to track?;Per-tenant limits?;Scaling triggers?;Forecast horizon?,capacity planning multi-tenant SaaS {date};resource capacity management patterns {date};tenant capacity allocation {date},QG-CP1,performance-isolation,,Basic: Static capacity limits;Advanced: Dynamic capacity with demand forecasting,performance-isolation;scaling-patterns;cost-tracking
auto-scaling,Auto Scaling,operations,Use for operational concerns: auto-scaling patterns for multi-tenant,"elastic scaling,demand response,resource automation",Auto-scaling patterns for multi-tenant,horizontal;vertical;predictive;tenant-aware,Scaling dimensions?;Per-tenant scaling policies?;Scale-down delay?;Minimum baseline?,auto-scaling multi-tenant SaaS {date};Kubernetes HPA tenant patterns {date};predictive scaling patterns {date},QG-P1,capacity,,Basic: CPU-based HPA;Advanced: Custom metrics with tenant-aware scaling,capacity-planning-guide;performance-isolation;cost-tracking
infrastructure,Infrastructure,operations,Use for operational concerns: infrastructure management patterns,"cloud resources,IaC,platform management",Infrastructure management patterns,terraform;pulumi;crossplane;tenant-provisioning,IaC tool choice?;Per-tenant infrastructure?;Environment parity?;Drift detection?,infrastructure as code multi-tenant {date};tenant infrastructure provisioning patterns {date};cloud infrastructure SaaS {date},QG-P1,deployment,,Basic: Shared infrastructure;Advanced: Per-tenant infrastructure with IaC,deployment;tenant-lifecycle;disaster-recovery
governance,Governance,operations,Use for operational concerns: platform governance patterns,"policy enforcement,standards compliance,decision frameworks",Platform governance patterns,policy-as-code;approval-workflows;audit-trails;change-advisory,What governance policies needed?;Approval requirements?;Audit depth?;Change management?,platform governance patterns {date};SaaS governance frameworks {date};policy-as-code multi-tenant {date},QG-P1,compliance,,Basic: Manual governance;Advanced: Policy-as-code with automated enforcement,compliance;audit-logging-patterns;rbac-abac-patterns
tenant-support,Tenant Support,operations,Use for operational concerns: tenant support management,"support tickets,issue tracking,customer service",Tenant support management,ticketing-integration;escalation-rules;sla-tracking;self-service,Support channels needed?;SLA tiers?;Escalation paths?;Self-service scope?,tenant support patterns SaaS {date};customer support multi-tenant {date};support ticketing integration {date},QG-P1,tenant-lifecycle,,Basic: Shared support queue;Advanced: Tier-based support with SLA tracking,tenant-lifecycle;sla-management-guide;notification-system
tenant-communication,Tenant Communication,operations,Use for operational concerns: tenant communication patterns,"notifications,announcements,messaging",Tenant communication patterns,in-app-messaging;email-campaigns;status-pages;release-notes,Communication channels?;Segmentation needs?;Automation level?;Opt-out handling?,tenant communication patterns SaaS {date};customer communication multi-tenant {date};SaaS notification strategies {date},QG-P1,notification-system,,Basic: Email notifications;Advanced: Multi-channel with segmentation,notification-system;tenant-lifecycle;support-engineer-guide
security,Security,security,"Use when implementing security architecture patterns with signals: access control,threat protection,data security","access control,threat protection,data security",Security architecture patterns,defense-in-depth;least-privilege;zero-trust;threat-modeling,Security posture?;Threat model scope?;Compliance requirements?;Incident response?,security architecture patterns SaaS {date};multi-tenant security best practices {date};cloud security patterns {date},QG-S5,tenant-isolation,,Basic: Perimeter security;Advanced: Zero-trust with defense-in-depth,all-security-patterns;rbac-abac-patterns;rbac-abac-patterns;encryption-key-management
monitoring,Monitoring,operations,Use for operational concerns: monitoring and alerting patterns,"metrics collection,alerting,dashboards",Monitoring and alerting patterns,prometheus;datadog;cloudwatch;tenant-scoped,What metrics to collect?;Per-tenant dashboards?;Alert routing?;Retention policy?,monitoring multi-tenant SaaS {date};tenant-aware monitoring patterns {date};SaaS observability stack {date},QG-P1,observability,,Basic: Shared monitoring;Advanced: Tenant-scoped dashboards with custom alerts,observability;notification-system;analytics-guide
incident-response,Incident Response,operations,Use for operational concerns: incident response patterns,"incident management,runbooks,post-mortems",Incident response patterns,runbook-automation;escalation-chains;blameless-postmortems;status-communication,Incident severity levels?;On-call rotation?;Communication protocol?;Post-mortem process?,incident response patterns SaaS {date};multi-tenant incident management {date};SRE incident practices {date},QG-IR1,monitoring,,Basic: Manual runbooks;Advanced: Automated response with tenant impact isolation,observability;notification-system;disaster-recovery;runbook-guide
sla-monitoring,Sla Monitoring,operations,Use for operational concerns: sla monitoring and enforcement,"SLA tracking,performance targets,breach detection",SLA monitoring and enforcement,uptime-tracking;latency-monitoring;breach-alerts;credit-automation,What SLAs to track?;Breach notification?;Credit automation?;Reporting frequency?,SLA monitoring patterns SaaS {date};multi-tenant SLA tracking {date};SLA breach detection {date},QG-SLA1,monitoring,,Basic: Uptime tracking;Advanced: Full SLA dashboard with automated credits,observability;support-engineer-guide;billing-integration-patterns
audit-logging,Audit Logging,security,"Use when implementing audit logging patterns with signals: audit trails,compliance logging,forensics","audit trails,compliance logging,forensics",Audit logging patterns,structured-logging;immutable-storage;tenant-scoped;compliance-retention,What events to audit?;Retention requirements?;Search capabilities?;Compliance mapping?,audit logging patterns SaaS {date};multi-tenant audit trails {date};compliance logging {date},QG-S5,compliance,,Basic: Application logging;Advanced: Immutable audit trails with compliance mapping,compliance;audit-logging-patterns;observability
data-export,Data Export,tenant,Use for tenant management: tenant data export patterns,"data portability,GDPR export,tenant data access",Tenant data export patterns,bulk-export;streaming-export;format-options;access-controls,Export formats needed?;Size limits?;Scheduling options?;Access controls?,tenant data export patterns {date};GDPR data portability SaaS {date};data export multi-tenant {date},QG-P1,compliance,,Basic: Manual CSV export;Advanced: Automated exports with multiple formats,compliance;data-residency;tenant-lifecycle
operations,Operations,operations,Use for operational concerns: operational patterns overview,"operational patterns,platform management,runtime concerns",Operational patterns overview,monitoring;alerting;scaling;capacity,What operational concerns?;Automation level?;On-call strategy?;Cost optimization?,SaaS operations patterns {date};platform operations best practices {date};multi-tenant operations {date},QG-P1,,,Basic: Manual operations;Advanced: Full automation with self-healing,observability;observability;disaster-recovery
ai-runtime,Ai Runtime,ai,Use for AI/agent workloads requiring ai model runtime patterns,"AI model runtime,inference,model serving",AI model runtime patterns,synchronous;asynchronous;batch;streaming,Inference latency requirements?;Batch vs real-time?;Model caching strategy?;Tenant isolation?,AI model runtime patterns {date};LLM inference optimization {date};model serving multi-tenant {date},QG-M3,ai-runtime,,Basic: Single model endpoint;Advanced: Multi-model routing with tenant isolation,ai-runtime;llmops;llmops
data-integrity,Data Integrity,data,Use when: data integrity patterns,"data validation,consistency,correctness",Data integrity patterns,validation;checksums;reconciliation;integrity-checks,What validation rules?;Consistency requirements?;Reconciliation frequency?;Error handling?,data integrity patterns SaaS {date};data validation multi-tenant {date};data consistency patterns {date},QG-M2,tenant-isolation,,Basic: Application-level validation;Advanced: Database constraints with reconciliation,compliance;tenant-isolation;observability
reporting,Reporting,analytics,Use when: reporting and analytics export,"business reports,analytics exports,scheduled reports",Reporting and analytics export,scheduled-reports;ad-hoc;dashboards;data-exports,Report types needed?;Scheduling frequency?;Export formats?;Tenant customization?,reporting patterns SaaS {date};multi-tenant reporting {date};business intelligence export {date},QG-P1,analytics,,Basic: Pre-built reports;Advanced: Custom report builder with scheduling,analytics-guide;analytics-guide;data-archival
payment-processing,Payment Processing,monetization,Use for billing/metering: payment processing patterns,"payment gateway,transactions,billing",Payment processing patterns,stripe;paddle;paypal;multi-gateway,Payment methods?;Multi-currency?;PCI compliance?;Retry logic?,payment processing SaaS {date};multi-tenant payment patterns {date};payment gateway integration {date},QG-P1,billing-integration,,Basic: Single payment gateway;Advanced: Multi-gateway with failover,billing-integration-patterns;usage-metering;compliance
partner-ecosystem,Partner Ecosystem,integration,"Use when integrating modules with partner integrations, marketplace, ecosystem","partner integrations,marketplace,ecosystem",Partner ecosystem patterns,partner-api;marketplace;white-label;revenue-share,Partner types?;Integration depth?;Revenue model?;Certification process?,partner ecosystem SaaS {date};marketplace architecture {date};partner integration patterns {date},QG-P1,tenant-lifecycle,,Basic: Partner API access;Advanced: Full marketplace with revenue sharing,tenant-lifecycle;billing-integration-patterns;customization
devops,Devops,operations,Use for operational concerns: devops and deployment automation,"CI/CD,automation,deployment",DevOps and deployment automation,github-actions;gitlab-ci;jenkins;argocd,CI/CD tooling?;Deployment strategy?;Environment management?;Rollback automation?,DevOps patterns SaaS {date};multi-tenant CI/CD {date};deployment automation patterns {date},QG-P1,deployment,,Basic: Simple CI/CD pipeline;Advanced: GitOps with tenant-aware deployments,deployment;devops-guide;observability
sre,Sre,operations,Use for operational concerns: sre practices and patterns,"site reliability,incident management,toil reduction",SRE practices and patterns,sli-slo;error-budgets;toil-automation;chaos-engineering,SLO targets?;Error budget policy?;Toil reduction strategy?;Chaos testing?,SRE patterns SaaS {date};site reliability multi-tenant {date};SLO management patterns {date},QG-P1,monitoring,,Basic: Basic SLOs;Advanced: Full SRE practice with chaos engineering,observability;incident-response-patterns;observability
sla,Sla,operations,Use for operational concerns: sla definition and management,"service agreements,SLA management,guarantees",SLA definition and management,availability;latency;support;compliance,Availability targets?;Latency guarantees?;Support SLAs?;Penalty structure?,SLA patterns SaaS {date};multi-tenant SLA management {date};service level agreements {date},QG-P1,sla-monitoring,,Basic: Standard SLAs;Advanced: Tiered SLAs with custom negotiations,sla-management-guide;support-engineer-guide;billing-integration-patterns
performance,Performance,operations,Use for operational concerns: performance optimization patterns,"performance optimization,latency,throughput",Performance optimization patterns,caching;query-optimization;async-processing;connection-pooling,Performance targets?;Bottleneck analysis?;Optimization priorities?;Load testing?,performance optimization SaaS {date};multi-tenant performance patterns {date};latency optimization {date},QG-P1,performance-isolation,,Basic: Basic caching;Advanced: Full performance suite with continuous optimization,performance-isolation;caching-strategies;observability
api-design,API Design,integration,"Use when integrating modules with API design, REST, versioning","API design,REST,versioning",API design patterns,rest;graphql;grpc;openapi,API style?;Versioning strategy?;Documentation approach?;SDK generation?,API design patterns {date};multi-tenant API design {date};REST API best practices {date},QG-I1,facade-contracts,,Basic: REST with versioning;Advanced: Multi-protocol with SDK generation,facade-contracts;graphql-multi-tenancy;api-documentation
ai-streaming-design,Ai Streaming Design,ai,Use for AI/agent workloads requiring ai streaming response patterns,"streaming inference,real-time AI,SSE",AI streaming response patterns,server-sent-events;websocket;chunked-response;long-polling,Streaming protocol?;Backpressure handling?;Connection management?;Tenant isolation?,AI streaming patterns {date};LLM streaming responses {date};real-time AI multi-tenant {date},QG-M3,ai-runtime,,Basic: SSE streaming;Advanced: Multi-tenant streaming with backpressure,ai-runtime;ai-runtime;performance-isolation
ai-feedback-loop,Ai Feedback Loop,ai,Use for AI/agent workloads requiring ai feedback and improvement,"feedback collection,RLHF,continuous improvement",AI feedback and improvement,thumbs-up-down;detailed-feedback;implicit-signals;rlhf,Feedback types?;Collection mechanism?;Tenant attribution?;Model improvement cycle?,AI feedback loop patterns {date};RLHF multi-tenant {date};LLM feedback collection {date},QG-M3,ai-operations,,Basic: Simple ratings;Advanced: Full feedback loop with model retraining,llmops;llmops;analytics-guide
ai-batch,Ai Batch,ai,Use for AI/agent workloads requiring batch ai processing patterns,"batch processing,bulk inference,scheduled AI",Batch AI processing patterns,queue-based;scheduled;event-triggered;priority-based,Batch size limits?;Priority handling?;Failure recovery?;Cost optimization?,batch AI processing patterns {date};LLM batch inference {date};bulk AI operations {date},QG-M3,background-jobs,,Basic: Simple queue processing;Advanced: Priority queues with cost optimization,background-jobs;llmops;cost-tracking
evaluation-patterns,Evaluation Patterns,ai,Use for AI/agent workloads requiring ai evaluation and benchmarking,"model evaluation,metrics,benchmarks",AI evaluation and benchmarking,accuracy;latency;cost;user-satisfaction,Evaluation metrics?;Benchmark strategy?;A/B testing approach?;Regression detection?,AI evaluation patterns {date};LLM benchmarking {date};model evaluation multi-tenant {date},QG-M3,ai-testing,,Basic: Accuracy metrics;Advanced: Full evaluation suite with A/B testing,testing-agent-safety;llmops;observability
dashboard,Dashboard,analytics,Use when: dashboard and visualization patterns,"dashboards,visualization,metrics display",Dashboard and visualization patterns,embedded;custom;tenant-branded;real-time,Dashboard types?;Real-time requirements?;Tenant customization?;Export capabilities?,dashboard patterns SaaS {date};multi-tenant dashboards {date};embedded analytics {date},QG-P1,analytics,,Basic: Pre-built dashboards;Advanced: Custom dashboard builder with tenant branding,analytics-guide;analytics-guide;observability
agent-orchestration,Agent Orchestration,ai,Use for AI/agent workloads requiring agent orchestration patterns,"multi-agent,coordination,workflow",Agent orchestration patterns,sequential;parallel;hierarchical;dynamic,Orchestration complexity?;State management?;Error handling?;Human-in-the-loop?,agent orchestration patterns {date};multi-agent coordination {date};AI agent workflows {date},QG-M3,ai-runtime,,Basic: Sequential execution;Advanced: Dynamic orchestration with state machines,ai-runtime;agent-coordination;run-contracts
discovery-patterns,Discovery Patterns,discovery,Use when: discovery phase patterns,"requirements,stakeholders,scope",Discovery phase patterns,stakeholder-interviews;requirement-gathering;scope-definition,What requirements exist?;Who are stakeholders?;What is in/out of scope?,SaaS discovery phase best practices {date};multi-tenant requirements gathering {date},QG-D1,,,Basic: Stakeholder interviews;Advanced: Full discovery workshop,analyst-guide
requirements-patterns,Requirements Patterns,discovery,Use when: requirements gathering patterns,"requirements,PRD,user stories",Requirements gathering patterns,functional;non-functional;constraints;assumptions,What functional requirements?;What NFRs?;What constraints?,requirements gathering SaaS {date};multi-tenant requirements patterns {date},QG-D1,discovery-patterns,,Basic: Feature list;Advanced: Full PRD with acceptance criteria,analyst-guide
planning-patterns,Planning Patterns,planning,Use when: planning phase patterns,"roadmap,milestones,timeline",Planning phase patterns,milestone-planning;resource-allocation;risk-assessment,What milestones?;What resources?;What risks?,SaaS project planning best practices {date};roadmap patterns {date},QG-PL1,discovery-patterns,,Basic: Milestone list;Advanced: Full roadmap with dependencies,module-architecture
agile-patterns,Agile Patterns,planning,Use when: agile planning patterns,"sprints,stories,estimation",Agile planning patterns,story-points;sprint-planning;backlog-grooming,How to estimate?;Sprint length?;Backlog strategy?,agile planning SaaS {date};story estimation patterns {date},QG-PL1,planning-patterns,,Basic: Story points;Advanced: Full velocity tracking,module-architecture
tool-schema-valid,Tool Schema Valid,gate-verification,Use when: tool schema validation,"tool schema,validation,contracts",Tool schema validation,json-schema;openapi;pydantic,Schema format?;Validation depth?;Error handling?,tool schema validation patterns {date};AI tool contracts {date},QG-M3-T,tool-execution,,Basic: JSON schema;Advanced: Runtime validation,tool-execution-middleware
permissions-defined,Permissions Defined,gate-verification,Use when: tool permission patterns,"permissions,RBAC,tool access",Tool permission patterns,role-based;tenant-scoped;approval-required,What roles can use tools?;Tenant restrictions?;Approval workflow?,tool permission patterns {date};AI tool RBAC {date},QG-M3-T,tool-execution,,Basic: Role-based;Advanced: Dynamic permissions,agent-identity-tbac-patterns
sandbox-configured,Sandbox Configured,gate-verification,Use when: tool sandboxing patterns,"sandboxing,isolation,security",Tool sandboxing patterns,process-isolation;network-isolation;resource-limits,What isolation needed?;Resource limits?;Network access?,tool sandboxing patterns {date};AI tool security isolation {date},QG-M3-T,tool-execution,,Basic: Process isolation;Advanced: Full sandboxing,tool-execution-middleware
rate-limits-set,Rate Limits Set,gate-verification,Use when: tool rate limiting patterns,"rate limits,throttling,quotas",Tool rate limiting patterns,per-tenant;per-tool;per-agent,Rate limits per tenant?;Per tool?;Burst handling?,AI tool rate limiting {date};multi-tenant throttling {date},QG-M3-T,rate-limiting,,Basic: Fixed limits;Advanced: Adaptive rate limiting,rate-limiting
architecture-complete,Architecture Complete,gate-verification,Use when: architecture completeness check,"architecture,documentation,completeness",Architecture completeness check,diagrams;decisions;contracts,What diagrams exist?;ADRs documented?;Contracts defined?,architecture documentation patterns {date};completeness checklist {date},QG-S1,module-boundaries,,Basic: Diagrams;Advanced: Full ADR process,module-architecture
dependencies-mapped,Dependencies Mapped,gate-verification,Use when: dependency mapping patterns,"dependencies,mapping,contracts",Dependency mapping patterns,module-deps;external-deps;version-deps,What internal dependencies?;External services?;Version constraints?,dependency mapping patterns {date};module dependencies {date},QG-S1,module-boundaries,,Basic: Dependency list;Advanced: Dependency graph,module-architecture
facades-defined,Facades Defined,gate-verification,Use when: facade definition patterns,"facades,interfaces,contracts",Facade definition patterns,REST;GraphQL;events,What interface types?;Versioning strategy?;Contract format?,facade design patterns {date};API contract patterns {date},QG-S1,facade-contracts,,Basic: REST endpoints;Advanced: Multi-protocol,module-facade-patterns
stories-defined,Stories Defined,gate-verification,Use when: story definition patterns,"stories,epics,backlog",Story definition patterns,user-stories;technical-stories;spikes,Story types?;Acceptance criteria?;Definition of done?,user story patterns {date};agile story writing {date},QG-S2,planning-patterns,,Basic: As-a format;Advanced: Full BDD,module-architecture
acceptance-criteria,Acceptance Criteria,gate-verification,Use when: acceptance criteria patterns,"acceptance,criteria,verification",Acceptance criteria patterns,given-when-then;checklist;measurable,Criteria format?;Testability?;Edge cases?,acceptance criteria patterns {date};BDD patterns {date},QG-S2,stories-defined,,Basic: Checklist;Advanced: Given-when-then,module-architecture
test-plan,Test Plan,gate-verification,Use when: test planning patterns,"testing,plan,strategy",Test planning patterns,unit;integration;e2e;manual,Test coverage?;Automation level?;Manual testing scope?,test planning patterns {date};multi-tenant test strategy {date},QG-S2,testing-isolation,,Basic: Test matrix;Advanced: Full test strategy,testing-tenant-isolation
root-cause-identified,Root Cause Identified,gate-verification,Use when: root cause analysis patterns,"root cause,analysis,debugging",Root cause analysis patterns,five-whys;fishbone;timeline,RCA method?;Documentation?;Action items?,root cause analysis patterns {date};incident RCA {date},QG-M1-R,,,Basic: Five whys;Advanced: Full incident review,incident-response-patterns
recovery-path-selected,Recovery Path Selected,gate-verification,Use when: recovery path patterns,"recovery,remediation,path",Recovery path patterns,fix-forward;rollback;partial-fix,Recovery strategy?;Timeline?;Risk assessment?,software recovery patterns {date};remediation strategies {date},QG-M1-R,root-cause-identified,,Basic: Single path;Advanced: Decision tree,incident-response-patterns
locked-categories,Locked Categories,gate-verification,Use when: gate category locking patterns,"gate locking,partial pass,incremental",Gate category locking patterns,category-lock;partial-pass;incremental,What categories locked?;Re-validation rules?;Lock duration?,gate locking patterns {date};incremental validation {date},QG-M1-R,,,Basic: Simple lock;Advanced: Conditional locks,quality-gates
issue-classified,Issue Classified,gate-verification,Use when: issue classification patterns,"classification,severity,priority",Issue classification patterns,severity-based;impact-based;effort-based,Classification criteria?;Priority matrix?;SLA impact?,issue classification patterns {date};severity ranking {date},QG-R1,,,Basic: Severity levels;Advanced: Impact matrix,incident-response-patterns
salvage-complete,Salvage Complete,gate-verification,Use when: salvage and recovery patterns,"salvage,recovery,preservation",Salvage and recovery patterns,data-preservation;partial-recovery;artifact-salvage,What to preserve?;Recovery priority?;Data integrity?,software salvage patterns {date};partial recovery {date},QG-R1,issue-classified,,Basic: Data backup;Advanced: Full state preservation,disaster-recovery
recovery-timeboxed,Recovery Timeboxed,gate-verification,Use when: recovery timebox patterns,"timebox,deadline,constraint",Recovery timebox patterns,fixed-timebox;dynamic-timebox;escalation-trigger,Timebox duration?;Extension rules?;Escalation triggers?,recovery timebox patterns {date};incident SLA {date},QG-R1,salvage-complete,,Basic: Fixed deadline;Advanced: Dynamic timebox,incident-response-patterns
code-quality,Code Quality,development,Use for development: code quality patterns,"linting,formatting,standards",Code quality patterns,eslint;prettier;sonar;custom,Lint rules?;Format standards?;Quality gates?,code quality patterns {date};linting best practices {date},QG-DEV1,,,Basic: ESLint;Advanced: Full quality suite,local-development-setup
rls-patterns,Rls Patterns,security,"Use when implementing rls implementation patterns with signals: row-level-security,PostgreSQL,isolation","row-level-security,PostgreSQL,isolation",RLS implementation patterns,policy-per-table;shared-policy;tenant-column,Policy scope?;Performance impact?;Testing strategy?,PostgreSQL RLS patterns {date};row-level security implementation {date},QG-TC2,tenant-isolation,,Basic: Simple policy;Advanced: Complex multi-tenant RLS,rls-best-practices
ai-observability-verification,Ai Observability Verification,gate-verification,Use when: ai observability gate verification,"LLM monitoring,AI telemetry,model performance",AI observability gate verification,prompt-tracing;token-tracking;latency-monitoring;error-analysis,What AI metrics to track?;Prompt logging strategy?;Cost attribution depth?,AI observability verification {date};LLM monitoring best practices {date},QG-AI2,llm-observability,,Basic: Request logging;Advanced: Full prompt tracing with evaluation,llmops;observability
compliance-continuous-verification,Compliance Continuous Verification,gate-verification,Use when: continuous compliance verification,"ongoing compliance,control monitoring,audit readiness",Continuous compliance verification,control-monitoring;evidence-collection;gap-detection;remediation-tracking,What controls to monitor?;Evidence freshness requirements?;Gap escalation policy?,continuous compliance monitoring {date};SOC 2 continuous assurance {date},QG-CC,compliance,,Basic: Periodic checks;Advanced: Real-time control monitoring,compliance;audit-logging-patterns
cost-scaling-verification,Cost Scaling Verification,gate-verification,Use when: cost and scaling gate verification,"cost management,scaling efficiency,budget compliance",Cost and scaling gate verification,budget-tracking;scaling-efficiency;cost-per-tenant;optimization-targets,Cost thresholds?;Scaling trigger validation?;Per-tenant cost limits?,SaaS cost management verification {date};scaling efficiency patterns {date},QG-CS1,cost-tracking,,Basic: Budget monitoring;Advanced: Predictive cost management,cost-tracking;scaling-patterns
data-classification-verification,Data Classification Verification,gate-verification,Use when: data classification gate verification,"data sensitivity,classification labels,handling requirements",Data classification gate verification,sensitivity-levels;classification-policy;handling-rules;audit-compliance,What classification levels?;Auto-classification accuracy?;Handling policy enforcement?,data classification verification {date};sensitivity labeling patterns {date},QG-DC1,compliance,,Basic: Manual classification;Advanced: ML-assisted auto-classification,compliance;data-residency
disaster-recovery-drill-verification,Disaster Recovery Drill Verification,gate-verification,Use when: dr drill gate verification,"DR testing,recovery validation,RTO/RPO verification",DR drill gate verification,failover-testing;recovery-time;data-integrity;runbook-validation,DR frequency?;Recovery targets met?;Runbook accuracy?,disaster recovery drill verification {date};DR testing best practices {date},QG-DR1,disaster-recovery,,Basic: Annual DR test;Advanced: Quarterly automated drills,disaster-recovery;deployment
foundation-gate-verification,Foundation Gate Verification,gate-verification,Use when: foundation gate verification,"platform foundation,shared kernel,tenant model",Foundation gate verification,architecture-completeness;tenant-model-verified;runtime-ready;test-coverage,Foundation checklist complete?;Shared kernel implemented?;AI runtime configured?,foundation gate verification {date};platform foundation validation {date},QG-F1,tenant-isolation,,Basic: Checklist validation;Advanced: Automated foundation tests,tenant-isolation;ai-runtime
migration-gate-verification,Migration Gate Verification,gate-verification,Use when: migration gate verification,"data migration,schema changes,zero-downtime",Migration gate verification,data-integrity;rollback-plan;performance-impact;tenant-isolation,Migration strategy validated?;Rollback tested?;Tenant data preserved?,migration gate verification {date};zero-downtime migration patterns {date},QG-MG1,migration-per-tenant,,Basic: Migration scripts;Advanced: Automated migration validation,tenant-migration-patterns;deployment
operations-continuous-verification,Operations Continuous Verification,gate-verification,Use when: operations continuous gate verification,"operational health,postmortem process,continuous improvement",Operations continuous gate verification,postmortem-completeness;action-item-tracking;metric-health;improvement-cycle,Postmortem rate?;Action completion rate?;Operational metrics healthy?,operations continuous verification {date};SRE operational excellence {date},QG-OC,sre,,Basic: Postmortem completion;Advanced: Full operational maturity,sre-guide;incident-response-patterns;runbook-guide
post-deployment-verification,Post Deployment Verification,gate-verification,Use when: post-deployment gate verification,"deployment validation,smoke tests,rollback readiness",Post-deployment gate verification,smoke-test-pass;monitoring-active;tenant-health;rollback-ready,Smoke tests passing?;Monitoring active?;Rollback procedure ready?,post-deployment verification {date};deployment validation patterns {date},QG-PD1,deployment,,Basic: Manual smoke tests;Advanced: Automated deployment validation,deployment;observability
performance-review-verification,Performance Review Verification,gate-verification,Use when: performance review gate verification,"performance baseline,SLA compliance,capacity planning",Performance review gate verification,baseline-comparison;sla-compliance;capacity-runway;cost-efficiency,Performance within targets?;SLAs met?;Capacity sufficient?,performance review verification {date};SaaS performance benchmarking {date},QG-PR1,performance,,Basic: Metric comparison;Advanced: Predictive capacity analysis,performance-isolation;sla-management-guide
security-baseline-verification,Security Baseline Verification,gate-verification,Use when: security baseline gate verification,"security baseline,vulnerability scanning,hardening",Security baseline gate verification,vulnerability-scan;hardening-checklist;compliance-mapping;remediation-tracking,Scan coverage complete?;Critical vulns remediated?;Hardening applied?,security baseline verification {date};security hardening patterns {date},QG-S3,security,,Basic: Vulnerability scan;Advanced: Continuous security posture,all-security-patterns;compliance
ai-security-verification,Ai Security Verification,gate-verification,Use when: ai security gate verification,"AI security,prompt injection,model security",AI security gate verification,prompt-injection-prevention;model-access-control;output-filtering;agent-safety,Prompt security tested?;Model access controlled?;Output filtered?,AI security verification {date};LLM security best practices {date},QG-S4,ai-safety,,Basic: Output filtering;Advanced: Full AI red teaming,ai-security;testing-agent-safety
network-security-verification,Network Security Verification,gate-verification,Use when: network security gate verification,"network segmentation,firewall rules,traffic encryption",Network security gate verification,segmentation-verified;firewall-rules;encryption-enforced;ingress-egress,Network segmented?;Traffic encrypted?;Rules audited?,network security verification {date};cloud network security {date},QG-S6,security,,Basic: Firewall rules;Advanced: Zero-trust networking,all-security-patterns;network-security-patterns
identity-verification,Identity Verification,gate-verification,Use when: identity gate verification,"authentication,authorization,identity management",Identity gate verification,mfa-enforced;rbac-verified;sso-configured;session-management,MFA enabled?;RBAC correct?;SSO configured?,identity verification {date};IAM best practices {date},QG-S7,sso-authentication,,Basic: Password policy;Advanced: Zero-trust identity,sso-integration-patterns;rbac-abac-patterns
secrets-security-verification,Secrets Security Verification,gate-verification,Use when: secrets security gate verification,"secrets management,rotation,vault",Secrets security gate verification,secrets-inventoried;rotation-configured;vault-access;no-hardcoded,Secrets in vault?;Rotation policy?;No hardcoded secrets?,secrets security verification {date};secrets management best practices {date},QG-S8,secrets-management,,Basic: Env vars;Advanced: Full vault with rotation,encryption-key-management;encryption-patterns
logging-security-verification,Logging Security Verification,gate-verification,Use when: logging security gate verification,"security logging,audit trails,log integrity",Logging security gate verification,audit-coverage;log-integrity;retention-policy;access-control,Audit events logged?;Logs immutable?;Retention compliant?,security logging verification {date};audit logging best practices {date},QG-S9,audit-logging,,Basic: Application logs;Advanced: Immutable audit trails,audit-logging-patterns;compliance
endpoint-security-verification,Endpoint Security Verification,gate-verification,Use when: endpoint security gate verification,"API security,endpoint protection,input validation",Endpoint security gate verification,input-validation;rate-limiting;authentication;authorization,Inputs validated?;Rate limits set?;Auth enforced?,endpoint security verification {date};API security best practices {date},QG-S10,api-security,,Basic: Input validation;Advanced: Full API security suite,all-security-patterns;rate-limiting
security-audit-verification,Security Audit Verification,gate-verification,Use when: security audit gate verification,"security audit,penetration testing,compliance audit",Security audit gate verification,pentest-complete;audit-findings;remediation-plan;evidence-collected,Pentest passed?;Audit complete?;Evidence archived?,security audit verification {date};security audit best practices {date},QG-SA1,security,,Basic: Annual audit;Advanced: Continuous audit readiness,all-security-patterns;compliance
tenant-unit-coverage-verification,Tenant Unit Coverage Verification,gate-verification,Use when: tenant unit coverage gate verification,"unit test coverage,tenant code testing,coverage thresholds",Tenant unit coverage gate verification,coverage-threshold;tenant-code-tested;edge-cases;critical-paths,Coverage >90%?;Tenant code tested?;Critical paths covered?,tenant unit test coverage {date};multi-tenant testing patterns {date},QG-TC1,testing-isolation,,Basic: Line coverage;Advanced: Full tenant code coverage,testing-isolation;testing-agent-safety
cross-tenant-coverage-verification,Cross Tenant Coverage Verification,gate-verification,Use when: cross-tenant coverage gate verification,"cross-tenant tests,isolation testing,boundary tests",Cross-tenant coverage gate verification,blocking-tests;access-path-coverage;security-tests;boundary-validation,All paths covered?;Blocking tests pass?;Boundaries validated?,cross-tenant test coverage {date};tenant isolation testing {date},QG-TC3,testing-isolation,,Basic: API blocking tests;Advanced: Full access path coverage,testing-isolation;tenant-isolation
rag-observability,Rag Observability,observability,Use when: rag pipeline observability,"RAG metrics,retrieval monitoring,semantic search observability",RAG pipeline observability,langfuse;retrieval-latency;relevance-scores;chunk-metrics,What retrieval metrics needed?;Quality baselines defined?;Per-tenant tracking?,RAG observability best practices {date};retrieval metrics multi-tenant {date};semantic search monitoring {date},QG-AI2,rag-retrieval,,Basic: Retrieval latency;Advanced: Full RAG quality metrics,rag-architecture-guide;rag-observability;vector-store-observability
tool-execution-observability,Tool Execution Observability,observability,Use when: tool execution observability,"tool metrics,function calling monitoring,sandbox observability",Tool execution observability,execution-latency;permission-audit;sandbox-metrics;security-alerts,What tool metrics needed?;Sandbox monitoring?;Permission auditing?,AI agent tool execution monitoring {date};function calling observability {date};sandbox monitoring patterns {date},QG-AI2,tool-execution,,Basic: Execution latency;Advanced: Full sandbox monitoring,tool-execution;agent-runtime-patterns
embedding-observability,Embedding Observability,observability,Use when: embedding pipeline observability,"embedding metrics,drift detection,embedding quality",Embedding pipeline observability,generation-latency;drift-detection;cost-tracking;quality-metrics,What embedding metrics needed?;Drift detection configured?;Cost tracking?,embedding observability best practices {date};embedding drift detection {date};embedding cost tracking {date},QG-AI2,embedding-strategy,,Basic: Generation latency;Advanced: Drift detection with quality,embedding-observability;llmops;vector-store-observability
agent-memory-observability,Agent Memory Observability,observability,Use when: agent memory observability,"memory metrics,isolation verification,GDPR audit",Agent memory observability,tier-metrics;isolation-checks;gdpr-deletion;access-audit,What memory metrics needed?;Isolation verification?;GDPR compliance?,AI agent memory observability {date};memory isolation monitoring {date};GDPR deletion audit patterns {date},QG-AI2,memory-tiers,,Basic: Tier metrics;Advanced: Full GDPR audit trail,memory-tiers;compliance
context-window-observability,Context Window Observability,observability,Use when: context window observability,"context metrics,token tracking,utilization monitoring",Context window observability,utilization-ratio;composition-metrics;overflow-detection;efficiency-metrics,What context metrics needed?;Composition tracking?;Overflow alerting?,LLM context window monitoring {date};token utilization tracking {date};context optimization metrics {date},QG-AI2,ai-context,,Basic: Utilization tracking;Advanced: Full composition analysis,context-compiler-patterns;memory-tiers
data-anonymization,Data Anonymization,compliance,"Use for compliance requirements: data anonymization, PII removal, GDPR","data anonymization,PII removal,GDPR",Data anonymization patterns for GDPR compliance,k-anonymity;differential-privacy;pseudonymization;data-masking,What PII types?;Anonymization method?;Reversibility needed?;Audit requirements?,data anonymization GDPR patterns {date};PII removal best practices {date};k-anonymity implementation {date},QG-S7,tenant-data-anonymization,,Basic: Simple masking;Advanced: Differential privacy with audit trail,data-masking-patterns;compliance;tenant-data-anonymization
data-masking,Data Masking,compliance,"Use for compliance requirements: data masking, field-level encryption, sensitive data","data masking,field-level encryption,sensitive data",Data masking patterns for sensitive fields,format-preserving;tokenization;redaction;hashing,What fields to mask?;Format preservation?;Reversibility?;Performance impact?,data masking patterns {date};field-level encryption {date};tokenization best practices {date},QG-S7,data-protection,,Basic: Simple redaction;Advanced: Format-preserving encryption with tokenization,data-masking-patterns;encryption-patterns;compliance
action-contract-8field,8-Field Action Contract,ai-safety,Use when: define 8-field action contract,"agent decisions,proof certificates,tenant isolation",Define 8-field action contract,full-contract;minimal-contract;financial-contract,What risk level for actions?;Proof certificates needed?;Tenant isolation requirements?,AI agent action contract patterns {date};multi-tenant agent safety contracts {date},QG-AI3,agent-runtime,,Basic: tenant_id + action_type;Advanced: Full 8-field with proofs,8-field-action-contract-guide;run-contracts
prg-gate,PRG Gate,quality,Use when: configure prg 10 checks,"production readiness,deployment gate,safety checks",Configure PRG 10 checks,full-prg;partial-prg;mini-prg;emergency-prg,All 10 checks needed?;What automation level?;Manual approval workflow?,production readiness gate AI systems {date};multi-tenant deployment checklist {date},QG-PRG,action-contract-8field,,Basic: 4 critical checks;Advanced: Full 10-check automation,prg-gate-implementation;production-readiness
request-loop,Request Loop,runtime,Use when: handle user requests <100ms,"synchronous handling,latency,tenant routing",Handle user requests <100ms,fast-path;queued;streaming,What latency target?;Tier-based routing needed?;Timeout handling?,AI agent request loop patterns {date};multi-tenant request routing {date},QG-M3,tenant-routing,,Basic: Direct routing;Advanced: Tier-based priority pools,request-loop-patterns;tenant-routing
control-loop,Control Loop,runtime,Use when: manage agent state transitions,"state machines,orchestration,workflows",Manage agent state transitions,simple-fsm;langgraph;custom-orchestration,What state complexity?;Checkpoint frequency?;Cross-session state?,AI agent state machine patterns {date};LangGraph control flow {date},QG-M3,agent-runtime,,Basic: In-memory state;Advanced: Distributed checkpoints,control-loop-patterns;agent-runtime-patterns
learning-loop,Learning Loop,runtime,Use when: tenant-isolated model improvement,"feedback,improvement,privacy",Tenant-isolated model improvement,per-tenant;federated;shared-consent,Fine-tuning per tenant?;Privacy requirements?;Consent management?,federated learning multi-tenant {date};RLHF tenant isolation {date},QG-M3,agent-runtime;compliance,,Basic: Shared with consent;Advanced: Federated with differential privacy,learning-loop-patterns;llmops
economic-loop,Economic Loop,runtime,Use when: real-time budget enforcement,"budgets,quotas,cost control",Real-time budget enforcement,hard-limit;soft-throttle;alert-only,What enforcement level?;Overage handling?;Per-action vs per-day?,AI usage metering multi-tenant {date};token budget management {date},QG-M3,usage-metering;quota-management,,Basic: Daily limits;Advanced: Real-time per-action budgets,economic-loop-patterns;quota-management
recovery-loop,Recovery Loop,runtime,Use when: tenant-scoped failure recovery,"rollback,resilience,fault tolerance",Tenant-scoped failure recovery,retry;compensate;checkpoint;quarantine,What recovery SLA?;Blast radius containment?;Rollback depth?,AI agent rollback patterns {date};multi-tenant failure isolation {date},QG-M3,disaster-recovery,,Basic: Retry with backoff;Advanced: Full checkpoint restore,recovery-loop-patterns;disaster-recovery
federation-a2a,A2A Federation,runtime,Use when: cross-boundary agent communication,"agent-to-agent,interop,cross-tenant",Cross-boundary agent communication,internal;partner;public,What trust level?;Rate limiting?;Proof requirements?,agent-to-agent protocol {date};multi-tenant AI federation {date},QG-M3,agent-runtime;tenant-isolation,,Basic: Internal only;Advanced: Public marketplace with mTLS,tier-h-federation-patterns;agent-runtime-patterns
