runtime,signals,when_to_use,when_not_to_use,state_management,multi_agent,human_in_loop,streaming,tenant_isolation,complexity,web_queries
langgraph,"state machine,complex flows,checkpointing,conditional branching",Complex multi-step workflows;Human-in-the-loop required;State persistence critical;Conditional branching needed;Graph-based reasoning,Simple single-shot LLM calls;No state needed;Minimal complexity acceptable,Built-in graph state with checkpointing,Hierarchical and parallel topologies,Native support with breakpoints,Native streaming support,Tenant-scoped state stores,medium-high,LangGraph best practices {date};LangGraph state management {date};LangGraph multi-agent patterns {date}
crewai,"role-based,collaboration,autonomous teams,task delegation",Role-based agent teams;Autonomous task execution;Crew collaboration patterns;Hierarchical management,Fine-grained state control needed;Complex conditional logic;Human approval at each step,External persistence required,Role-based crews with delegation,Limited native support,Output streaming only,Requires custom implementation,medium,CrewAI patterns {date};CrewAI multi-agent {date};CrewAI task delegation {date}
autogen,"conversation,dynamic agents,research,debate",Multi-agent conversations;Dynamic agent creation;Research and debate scenarios;Flexible agent composition,Deterministic workflows required;Strict execution order needed;Predictable costs required,Conversation history based,Conversational groups with nested chats,Code execution and approval,Message streaming,Requires conversation isolation,medium-high,AutoGen patterns {date};AutoGen multi-agent conversations {date};AutoGen agent design {date}
custom,"specific requirements,existing framework,legacy integration",Existing ML infrastructure;Specific framework requirements;Legacy system integration;Unique orchestration needs,Starting from scratch;Standard patterns sufficient;Speed to market priority,Custom implementation required,Custom implementation required,Custom implementation required,Custom implementation required,Custom implementation required,high,custom agent orchestration patterns {date}
dspy,"declarative prompting,optimization,structured outputs,compilation",Prompt optimization needed;Reproducible outputs required;Few-shot learning patterns;Module composition;Teleprompter optimization,Simple single-shot calls;No optimization needed;Manual prompt engineering preferred,Trace-based with module state,Module composition with pipelines,Limited native support,Compilation-time only,Tenant-scoped datasets for optimization,medium,DSPy patterns {date};DSPy prompt optimization {date};DSPy module composition {date}
instructor,"structured outputs,pydantic validation,type safety,schema enforcement",Structured output required;Pydantic model validation;Type-safe responses;Retry with correction;Schema enforcement critical,Unstructured outputs acceptable;No validation needed;Simple text responses,Pydantic model-based,Single agent with validators,Requires custom implementation,Native streaming with partial models,Tenant-scoped model definitions,low-medium,Instructor LLM patterns {date};Instructor pydantic validation {date};structured output patterns {date}
pydantic-ai,"type-safe agents,pydantic validation,dependency injection,structured agents",Type-safe AI applications;Pydantic model integration;Dependency injection patterns;Agent frameworks with validation,Simple unstructured outputs;No type safety needed;Minimal validation requirements,Pydantic model-based with result validation,Single agent with tool support,Built-in dependency injection for context,Native streaming with typed chunks,Tenant context via dependency injection,medium,{date} pydantic-ai agents;{date} type-safe LLM applications;pydantic-ai patterns {date}
llama-index,"RAG,knowledge retrieval,document indexing,query engines",Knowledge-intensive applications;Document retrieval and indexing;RAG pipelines;Query engines over data,No document retrieval needed;Simple chat without knowledge base;No indexing required,Index-based with query state,Agent workflows with tool use,Requires custom implementation,Native streaming with response synthesis,Tenant-scoped indices and retrievers,medium,{date} llama-index agents;{date} RAG framework production;llama-index patterns {date}
mem0,"memory persistence,agent context,long-term memory",Long-term memory needed;Cross-session context required;Agent memory persistence critical,Short-lived agents;No context persistence needed;Simple stateless interactions,Persistent memory store with retrieval,Memory sharing across agents,Requires custom implementation,Memory retrieval streaming,Tenant-scoped memory stores,medium,{date} mem0 AI memory;{date} persistent agent memory
semantic-kernel,"Microsoft AI,enterprise orchestration,plugin architecture",Enterprise Microsoft stack;Plugin-based architecture;Azure integration needed;Structured AI orchestration,Non-Microsoft environments;Simple agent needs;Cost-sensitive deployments,Built-in state with plugins,Planner-based orchestration,Native conversation history,Streaming with Azure OpenAI,Enterprise tenant isolation,high,{date} semantic kernel agents;{date} Microsoft AI orchestration
haystack,"NLP pipelines,RAG,document processing",RAG pipeline required;Document processing needed;NLP-heavy workflows;Retrieval-augmented generation,Simple LLM calls;No document processing;Real-time only scenarios,Pipeline-based state,Pipeline composition,Limited native support,Pipeline streaming support,Tenant-scoped document stores,medium,{date} haystack NLP agents;{date} haystack RAG pipelines
smolagents,"lightweight agents,Hugging Face,minimal overhead",Lightweight agents needed;Hugging Face models;Minimal dependencies;Quick prototyping,Complex orchestration needed;Enterprise requirements;Heavy state management,Minimal built-in state,Basic multi-agent support,Limited native support,Basic streaming,Requires custom implementation,low,{date} smolagents Hugging Face;{date} lightweight AI agents
magentic,"type-safe prompts,function calling,decorator-based",Type-safe prompt engineering needed;Decorator-based LLM calls;Structured function calling,Complex orchestration needed;Multi-agent scenarios;Heavy state management,Minimal built-in state,Single agent with function tools,Requires custom implementation,Basic streaming support,Tenant context via function parameters,low,{date} magentic prompts;{date} type-safe LLM
mirascope,"modular LLM,provider-agnostic,toolkit approach",Modular LLM toolkit needed;Provider-agnostic development;Clean API abstraction,Complex state machines;Heavy multi-agent scenarios,Provider-based state,Limited multi-agent,Requires custom implementation,Native streaming support,Tenant-scoped provider configs,low,{date} mirascope LLM toolkit;{date} mirascope agents
marvin,"AI engineering,extraction,classification,generation",Structured extraction needed;Classification tasks;Type-safe generation;AI function decorators,Complex orchestration;Multi-agent conversations,Minimal built-in state,Single agent focus,Requires custom implementation,Streaming with structured output,Tenant context in function calls,medium,{date} marvin AI framework;{date} marvin agents
anthropic-tools,"Claude native,SDK tools,direct API",Native Claude integration;Direct Anthropic SDK;Minimal abstraction overhead,Multi-provider needed;Complex orchestration;Heavy state management,Conversation history based,Single agent with tool use,Built-in with Claude API,Native streaming support,Tenant context in system prompts,low,{date} anthropic SDK tools;{date} Claude native tools
letta,"memory-first,stateful agents,persistent memory",Long-term memory critical;Stateful agent interactions;Persistent agent memory required;MemGPT-style memory management,Short-lived agents;No memory persistence needed;Simple stateless interactions,Persistent memory store with retrieval,Memory-centric agent orchestration,Requires custom implementation,Native streaming support,Tenant-scoped memory stores,medium,{date} letta agents;{date} memgpt memory agents
agency-swarm,"vertical AI,tool-focused,agency patterns",Vertical AI applications;Tool-heavy agent workflows;Agency-style orchestration;Specialized domain agents,General-purpose agents;Simple orchestration;Minimal tool use,External state management,Vertical agent hierarchies,Requires custom implementation,Basic streaming support,Requires custom implementation,medium,{date} agency swarm patterns
phidata,"assistant framework,knowledge,RAG-native",Knowledge-intensive applications;RAG-native workflows;Assistant framework patterns;Built-in knowledge management,No knowledge base needed;Simple chat applications;Custom RAG pipelines preferred,Built-in knowledge state,Single assistant with tools,Requires custom implementation,Native streaming support,Tenant-scoped knowledge bases,medium,{date} phidata assistants;{date} phidata RAG
controlflow,"workflow-first,task orchestration,declarative",Workflow-first AI applications;Declarative task orchestration;Prefect-style AI workflows;Structured task dependencies,Conversational agents;Dynamic workflows;Minimal structure needed,Workflow-based state management,Task-based orchestration,Built-in workflow checkpoints,Native streaming support,Tenant-scoped workflows,medium,{date} controlflow agents;{date} prefect AI agents
swarm-openai,"lightweight handoff,OpenAI native,function calling",Lightweight agent handoffs;OpenAI native integration;Function calling patterns;Simple multi-agent scenarios,Complex state machines;Non-OpenAI providers;Heavy orchestration needs,Minimal conversation-based state,Lightweight agent handoff,Requires custom implementation,Native streaming support,Tenant context in conversations,low,{date} OpenAI swarm patterns
